sequence,label
WWKDWWERW,0
NKKAGLFVVQFPKKY,0
NLLQFNKMIKIMTKKNAFPFYTS,1
GLLSVLGSVVKHVIPHVVPVIAEHL,0
KWFFLH,1
VKCRVRR,1
ILKKLWEGVKSI,0
WRRFWHR,1
WSRRWRW,0
ALWMTLLKKVLKAAAKAALKAVLVGANA,1
DINGGGATLPQALYQTSGVL,1
FLPLLAGLAANFLPQIICKIARKC,0
GLPALISWIKRKR,1
GCCSHPACNVNNPHICG,1
YVPGVIESLL,1
GIFPIFAKLLGKVIKVASSLISKGRTK,1
GRKLWRKWLKRWLP,0
LRRHASEGGHGPHW,0
LLDCWVRLGRYLLRRLKTP,0
MNLIIILVWHSMKHSKGYVLEAQDDELSR,0
KFAKKFAKKFAKKFAK,1
GLLSNVAGLLKQFAKGGVNAVLNPK,1
YSLRARPRF,0
LGQKILRSARKFGKTIEKSF,0
ILPILGNLLNSLL,1
RCVCRRGVCRCVCTRGFC,0
ILGKIIKVVK,1
CFQWQRNMRAVR,0
RRRWFW,0
GLPTCGETCTLGKCNTPKCTCNWPICYKN,1
GVLDAFRKIATVVKNVV,0
SLWENFKNAGK,1
GLKRIFKSGLGKLVKGISAHVAS,0
GWKKWLRKGAKHLGQAAIKGLAS,1
FFPLVLGALGSILPKVFGK,0
GKCGEINGSCDECYGGSVTCDCY,1
DAACAAHCLWR,1
DIIMSTNTFSEEAEALLKEALETYLKEFA,0
KKALAHALKKWLPALKKLAHALAKK,1
AELTSCFPVG,1
LQQLLFAHFRIGRRRRRRRR,0
YCQKFLWTCDTERKCCEDMVCELWCKYKE,1
GLASLLSLLGKLL,1
KVIDVKCTSPKQCLPPCKAQFGD,1
IKIPSFFRNILKKVGKEAVSLIAGALKQS,1
EGLEPG,0
RWRRFWRR,1
QTCCGYRMCVPC,1
DCLPGWSVYEGRCYKVFNQKTWKAAEKFC,1
LKFLKFG,1
NLMQFELLIMKVAGRSGIVWYSD,1
DMYSKSTAAMSTYAGILTDQVLSMLKGEE,0
ECCHRQLLCCLRFV,0
SKVGRHGRRFGHRAHRKL,1
QVNFTPNWGT,0
SVIELGKMILQETGKNPVTHYGA,1
AIHDILKYGKPS,0
GKVWDWIKSTAKKLWN,1
GLKKIFKAGLGSLVKGIKAHVAS,1
GIMSSLMKKLKKIIKK,1
RRPLARPLIRFIRRPW,1
RAGLQFPVGRVHRLLRK,0
APSMGFQGMR,0
TALKSLSILKKLAKLNM,1
FAKKLAKKLKKLAKKLAK,1
FFLLSLIPSAISAIKKI,1
RRLLRRLRR,0
WKWKWKNGKWKWKW,0
RIVQRILKWLKKWYKLGK,0
FFRLLFHGVHHGGGYLNAA,1
GFAWNVCVYRNGVRVCHRRAN,0
GFKRIVQKIRDFLRNLV,1
LKLSPKTKKTLKKVLKGAIKGAIAIASMA,1
INWKSIFEKVKNLV,1
MVINNNISAINAQRTLKFRQVDLKK,0
SWLRDIWDWKCEVLSDFK,0
GLGNNAFLGVR,0
AWDFGSVGGVFTSVGKAVHQVFGWWWRSL,0
FPVTWRWWTWWKG,1
MMQSGGTFGTFMAIGMGIRC,0
FCCPVIRYCCW,1
AARRAARRAARR,1
RRWWCL,0
KKLLKLLKLLL,0
RWKIFKKVVKKW,0
LKVPDLPLPE,1
KVFKRLEKLFSKIQNDK,0
KIWKCVENVCVLWYK,0
AFVRILCYCCPRRIKRR,1
GIMSSLMKKLKKIIAK,1
RRGWARRLAAAYGRR,0
EAIIRILQQLLFIHFRIGRRRRRRRR,0
ECCNPACGRHYSCGK,1
CCGPTACIAGCKPCC,0
GYEEREVAETVRELDAA,1
AIPWSIWWRLLFKG,0
SWLRDIWDWSCEVLSDFK,0
VPIIYCNRRTGKCQRM,0
KIAGKIAKIAGKIAKIA,0
VRRFPYWYPFLRR,1
KLPKLLKKLLKLLK,0
GLFDIWKKLRWRR,1
LKLKLKLKLKLKLKL,1
AFLYRLTRQIRPWWRWLYKW,1
GLGSLLGKAFKFGLKTVGKMMGGAPREQ,1
GGCCSYPPCAVSNPQHC,1
GKMKEYFKKFGASFKRRFANLKKRL,1
IIKKIIKKIIKKII,1
GTLIGQDYK,0
MLLKKLLKKLLKKM,0
SMLSVLKNLKKVKLKFVACKINKQC,1
MSAGVITGVLLVFLLLGYLVYALINAEAF,0
PKLLKTFLSKWIG,0
CFAWKRNMRKVR,0
GNNRPVYLPQPRPPHPRI,0
IIPLPLKKFLKKL,1
KDGYLVGSDGCKYSCLTRPG,1
RCCGYKFCYIC,0
SSGGGEGSGMWFGPRL,0
KFFKFFKFFKGTNLYMLPKWDIP,0
HFLGTKVNLAKKIL,1
LRPLARRPIRRIRRAW,1
HFLGTLVNLAKKKL,1
GFLDTLKNIGKTVGKVALDVAKNVLT,0
FPVTWKWWKWWKG,1
GFLGSLLKTGLKVGSNLL,1
ILGKILKGIKKLF,0
HLLKRVQRELIGWLDWLK,0
ACGPGCSGSCRQKGDRIKCINGSCHCYP,1
FWQRRIRRWRRFWQRRIRRWRR,0
FIAHIIGWISHGVRAIHRAIH,0
KRLFKKLLFSLRKY,1
WKKIWKPGIKKWIK,0
GFLSILKKVLPKVMAHMK,1
IKQVKKLFKK,1
GKPTCGETCFKGKCYTPGCTCSYPLCKKD,1
KKLFKKILKYL,0
IISTIGKLVKWIIKTV,0
GLAKRIKTLL,0
KPRRPVRPI,0
GNYYGYCRVHLNTAY,1
FLPILGNLLNGLL,1
CKKLLKLLKKLCKLAG,0
IKLSKETKDNLKKVLKGAIKGAIAVAKMV,1
GIWKTIKSMGKVFAGKIKQNL,1
KKLFKKILGRYK,0
VNWKKILPKIIKVAK,1
GLLSRIKTLL,1
ADDKNPLEECFCEDDDYCEG,1
GIGAVLIVLTTGLPALISWIKRKRQQ,0
LRFIKKILKKLI,1
GLLKLLKKLLKLLK,0
CMCIKTTSGIHPKNI,0
GCCSDPRCRYRC,1
GVIDAAKKVVNVLKNLF,1
WRAWAKIYHGVGKLLKGVGRW,1
GFGMALKLLKKVL,1
KDGYPVDNANCKYE,1
FLPLILPSIVTALSSFLKQG,0
LRDIWDWICEVLSDFK,0
MKKPVLKPFASLEIKVDPPITIGETSLGLR,0
AGQNTES,0
GILSGILGVGKMLVCGLSGLC,0
GLFDIWKWWRWRR,1
ASGENQAELKLATHNVYML,0
VVGGDECNINEHRFLVALYY,1
IVGGMEATPHSWPHQVA,0
VPFGLKPR,1
YWFHWK,1
AGQDGFMRF,0
KALWKTLLKKVLKA,1
CAAFGSFCGLPGLVDCCSGRCFIVCLL,1
ILGTILGLLKGL,1
ALWKTLLKKV,1
ALWKTMLKKLGTMAL,1
MNLNAYFEAYQAIFPFLLEAFLRKEQKV,0
KVLKAAA,1
KVLGRLVKVLGRLV,0
ECCHPACGKHFSC,1
VIGGDECDINEHPFL,1
FLGLIPALAGAIGNLIK,1
KKNGYAVDSSGKVAE,1
KKFPWWWPFKK,1
VVGADNCNFN,1
FFHHIFRGIVHVPKTIHRLVTG,1
FAKLFAKLAKKFAL,1
GANDFMRF,0
WIQPKTKVIPAVRAL,0
ILGTILGLLKAL,0
ILPWKWCWWCWRR,1
KYIRHLKTWFKKVFKLIGEV,1
CKGKGASCRKTMYDCCRGSCRSGRC,1
DLQCAETCVHSPCIGPCYCKHGLICYRN,0
GKWMKLLKKILK,1
KDRPKKPGLCPAAKKAAAAKA,0
LKLLKKLLKKLLKLL,0
VDKRHYLPRKRPPRRIYNR,0
LGIKILWSARKFGKVIEKSF,0
GVARIRDLLIIESRI,0
NWRKILGKIAKVAAGLLGSMLAGYQV,0
GQLNKFIKKAWRKFFEKFAK,1
FFYNVIKIYGNMAGRISK,0
ACAWAGIKQEF,0
RSQKEGLHYTCS,0
KRKLIKRK,0
ILPWKWKWWKWRR,1
KWFWWK,1
GKLSSLWKKLKKIIAK,1
WRLWWLWWL,0
LKLKLKLKLKLKLKLKLKLK,1
DPGFSSWG,0
ILCWKWCWWPWRR,1
DMCCHPACMNHFNC,1
LRLKRRRWKYRVPP,0
KTKKTKKTKKTKKTKKTKKTK,0
CRRKKC,1
KLLGKLLLKGLLK,0
HECCKKGFCDPGCDCCDQ,0
RLKRFKRVALRREKTARNFRSIVS,0
KLKKLLKHLHHLLH,0
GRRYKKFKWRFRGRFWFWG,0
EDVDHVFLRF,1
AAKIILNPKFR,0
KRIRKRIKKWLR,1
KWCFRVCYRGICYRRCRG,1
FPVTWRTKWWKG,1
GLLDLLKLLLKAAG,1
PTTVHIIYRI,0
LKCNKLVPLFYKTCP,1
FKRIVQRIKDNLR,0
GLMDTIKGVAKTVAASWLDKLKCKITGC,1
QVNFTPSW,0
GWGSFFKKAAAVGKAVGKAALTAYL,0
APANSVWS,1
WKRIVRRIKRWLR,1
KFFKFFKFFK,0
KKWRKSFFKQVGSFDNSV,0
GVIIDTLKGAAKTVAAELLRKAH,0
KWKLFKKIPKFLHLAKKF,0
FLKALWKVAKSVF,0
MGQLNVLTGSKGEIR,0
VNWKKILGKIIKVVK,1
GLKKIFKAGLGSLKKGIAAHVAS,1
RLLLLRRLR,0
GWKDWFRKAKKVGKTVGGLALNHYL,1
GLKKIFKAGLGSLVKGIAAHVAS,1
LVQIGTKIVGVGRNYAAH,0
VKKWVKKWVKKWVKKW,1
RRIWRRWIRI,0
KKLKLALAKLAPLWKALALKLKKA,0
IAKIAGKIAKIAGKIAK,1
GEKLKKIGQKIKNFFQKL,0
GRGRPKGRGRGRPRGRPRGSKR,1
VNWRRILGRIIRVVR,0
RRRWARRIIWIIRRAW,1
LPRIPRLPRYPRYPRWPRHPD,0
GPMGWVPVFYRF,1
VLGLALIVGGALLIKKKQAKS,1
DSHEKRHHGYKRKFHEKHHSHRGY,0
KWKLFKKIEKVGQGIGAVLKVLTTGL,1
RWCFRVCYRGICYRKCRG,1
GLFDIWAWWRWRR,1
GMASKAGSVAGKIAKFALGAL,1
RFRRLRKKIRKRLKKI,1
GLPALISWIKRKRQQ,1
VNWKKILGKIKKVVK,1
RIIDLLWRVWRPQKPKFVTVWVR,0
GVVDILKGAAKDIAGHLASKVM,0
NFQRDVEITWGDMRR,0
LNWGAILKKIIK,1
KWAVRIIRKFIKGFIS,1
GRPNPVNNKPTPHPRPIRV,0
RRIRRPRLPRPRVPRPRIPP,0
KKVVFKVKFK,0
GFKDLLKGAAKALKKTVLF,1
FAKRYVELVIVA,1
KKTSMKIIPFTRL,0
GVFRVLRKVTRVVLKVIGKVLKWI,0
AIVEQLRKRC,0
VDKPPYLPRPRPPRRIYNA,0
GWKKWFNRAKKVGKTVGGLAVDHYL,1
KSPKKHVVSGFSLR,0
GILKTIKSIASKLKRKAK,0
FPVTWPTKWWKG,1
INGMPEEVVAA,0
DLVALSGAHTIGQAR,0
KRFKKFFKKVKKSV,0
FRVTWRTKWWKG,1
SAVWRWRRFWLRKRK,1
TASQAEWFKARRWQWRMKKLGA,0
VPGGDECNINEHRSL,1
SLWENFKNAGKKFILNILDKIR,1
WSKILGHLIR,1
IKKIIKIIKKIIKKI,0
KIRWWR,0
GLKDWWNKHKDKIVKVVKEMGKAGINAAGK,0
GMATAAGTTLGKLAKFVIGAV,1
DVATSARDPLFY,0
RAKIAKKIEKVGRNVRDGIIKA,0
ILENLLARSTNEDREGSIF,0
AKRIVQRIKDFLRGAKRIVQRIKDFLRG,0
LLRWIWRPWRR,1
IWLRLKVVLKRK,0
FFFFKKKKK,1
GCCSLPPCAANNPDYC,1
GMMKRIKTMM,1
GRDAYIADSENCTYT,1
KKCLTKYSAGLQTSQTCPAGQKICFKKW,1
KKYRYHLKPFCKK,1
FLSGLVGALAKMF,0
KLKLKLKL,1
FAKKLAKLAKKALAL,1
VNWKKILGKIIKVAK,1
WKGIRGYKGGYKGAFKQTKY,0
LKKLWKRLARLWKRIIRQLKKPVR,0
AVKKLSRWWLRWWKK,0
LLGMIPVAITAISALSKL,0
DDALKHLLKHLLKHL,0
DYPWFN,0
LKKKLKCLCKLLKKLL,0
GFGMALRLLRRVL,0
LRCMCIKWTSGKHPK,0
LKRLYKRVFRLLKRYYRQLRRPVR,0
ALWKDLLKNVGKAAGKAVLNKVTDMVNQ,0
AWRFKNIRK,0
EKRRGGKKRKTHQGPVLD,0
GFLNTAMNTVTNLAGTLMDKAKCKIRGC,0
QAKTFLDKFNHEA,0
KKTHRKQYNNKV,0
FFPLIFGALSSILPKIL,1
VQWRIRVAVIRK,1
FWRRNFWRR,0
GWLDIAKKVASVVAGLGKR,1
GIKCCFCCGCCNSGVCELCCRF,0
NLMQFETLIMKVAGRSGVWYYGS,0
RKIIAVSVHKLCRVKR,1
LKWLKWG,1
CKGKGASCHRTSYDCCTGSCNRGKC,1
GIFGGLLKEGKKIACGLSGLC,1
GEEERKAMAELEAKKAQEALKA,1
FIPGLRRLFATVVPTVVCAINKLPPG,0
AANAKLFAVRQSCCSTPPCALLYMEMCG,1
DCCIIAGCPFGCTICC,0
DDCGGLFSGCDSNADCCEGYVCRLWCKYKL,1
LKLCKKLLLCKLKKKLLK,0
YVSPVAIVKGLNIPL,1
LKKLCRILKKLARI,0
PALNCYWPLKDYGFYTTSGI,0
KKLLKLLLKLLK,0
GFSSIFRGVAKFASKGLGKDLAKLGVDLVA,1
RWFKFNGRWFKF,0
FIKTQVLKHLVAGVRVARGLDWKWR,1
STRTPEFLGLDNQCGVWA,0
FLPKILKVAAK,1
MSIADLKSRLIKASTSKMTAEL,0
GSGSGSGSLKKIFKKPMVIGVTIPF,0
ILRKPWRIWRR,1
LFFFFF,0
KKLFKKILKYL,0
LKKLKKLLKKLKKKL,0
RQMRAWGQDYQHGGMGYSC,0
FAKLLAKLAKKFAL,1
LKLKLKLKLKLKLK,1
GKWMSLWKHILK,1
GRCCHPACGKNYSC,1
FLGALWNVAKKVF,0
SLIQFETLIMKVAGQSGMFSYSA,1
GLKALKKVFKGIHKAIKLINNHVQ,1
FLGALLKIGAKLLPSVVGLFKKKQQ,1
NCPYCVVYCCPPAYCEASGCRPP,1
KLVKRFKKFFRKLKKS,0
PMLRVRLASHLRKLRKRLLR,0
EDDHHHHHHHHHGVGGGGGGGGGG,0
RWWLRRIW,1
WKIVFDWRR,0
FAKLLAKLAKAKA,1
AYSYVSEYKRLPVYNFGL,0
WWWLRRIR,1
LKLKLKLTGKLKLKL,0
FCPRRYKQIGTGLPGTKCK,0
INWKKIAEIGKQVLSAL,0
RYRRKKKMKK,0
GFGMALKLLKKVL,1
VRRFPYWWPFLRR,1
ITKQITKQLNRQTKIQSK,1
KRIKTLL,0
KIGKALGKALKALGKALGKA,1
IWRWWWRWI,0
DCIPGGENCDVFRPYRCCSGYCILLLCA,1
MWKEFHNVLSSGQLLADKRWARWYNRW,0
NILSSIVNGINRALSFFG,0
GRKKRRQRRRGALWKSLLKNVGKA,1
MANTQNISIWWWAR,0
KVKVKVKVPPTKVKVKVK,1
FKSLTKYSPGRQN,1
IKLSPKTKDNLKKVLKGAIKGAIAVAKMV,1
MPLSWFFPRTWGKR,1
YVLAKRKRKACFI,0
MELCWLTTIHGS,0
LARVARRVIRFIRRAW,1
